week,final_equity,sharpe,max_drawdown,n_points
1970-01,99823.1535953278,-2.6378623218541093,-0.0017684640467219288,400
