metric,value
sharpe,-2.6377635084572555
max_drawdown,-0.0017684640467219288
final_equity,99823.1535953278
n_points,400
total_trades,104
turnover,166775.9696727726
