metric,value
sharpe,324.2092247786805
max_drawdown,0.0
final_equity,103156.53817017471
