metric,value
sharpe,-0.05957549235137021
hit_rate,0.33059360730593607
max_drawdown,-0.19129528775306692
final_equity,97283.46942189286
n_points,1096
avg_gross_exposure,0.04140785618726889
avg_net_exposure,-0.02517747847014666
total_trades,416
turnover,328380.8251494841
