metric,value
sharpe,0.4280274102020291
hit_rate,0.40425531914893614
max_drawdown,-0.0006902132375446589
final_equity,100017.92914422255
n_points,48
avg_gross_exposure,0.019936099332955787
avg_net_exposure,-0.008234455229505905
total_trades,42
turnover,4374.947590411996
