week,final_equity,sharpe,max_drawdown,n_points
1970-01,100017.92914422255,0.4280274102020291,-0.0006902132375446589,48
